City Number,City,Country,Date,Latitude,Longitude,Max Temperature (F),Humidity (%),Cloudiness (%),Wind Speed (mph)
1,Black River,JM,1606603021,18.03,-77.85,82.4,74,20,9.17
2,Tuktoyaktuk,CA,1606603022,69.45,-133.04,6.8,84,90,10.29
3,Comodoro Rivadavia,AR,1606602876,-45.87,-67.5,64.4,22,40,20.8
4,Melilla,ES,1606603025,35.29,-2.94,59.0,82,0,2.24
5,Hobart,AU,1606602859,-42.88,147.33,60.01,82,90,10.29
6,Khovd,MN,1606603027,48.01,91.64,9.1,93,30,0.54
7,Ponta do Sol,PT,1606603028,32.67,-17.1,60.8,51,40,8.05
8,Kahului,US,1606602850,20.89,-156.47,80.6,61,40,16.11
9,Semnan,IR,1606603031,35.57,53.4,46.42,67,100,1.45
10,Rikitea,PF,1606603032,-23.12,-134.97,76.82,79,100,14.14
11,Nikolskoye,RU,1606603033,59.7,30.79,32.0,95,90,11.18
12,Bathsheba,BB,1606603034,13.22,-59.52,80.6,78,40,12.75
13,Saint Paul Harbor,US,1606603036,57.79,-152.41,33.8,81,90,4.7
14,Nadym,RU,1606603037,65.53,72.52,0.86,91,31,10.98
15,Lac du Bonnet,CA,1606603038,50.25,-96.06,32.0,97,82,9.17
16,Hof,DE,1606603039,50.32,11.92,30.99,97,47,3.0
17,Bridlington,GB,1606603040,54.08,-0.19,46.99,100,100,2.24
18,Vaini,TO,1606603042,-21.2,-175.2,84.2,66,20,18.34
19,Bredasdorp,ZA,1606603043,-34.53,20.04,55.4,87,10,3.36
20,Bozoum,CF,1606603044,6.32,16.38,70.5,35,100,1.83
21,Araouane,ML,1606603045,18.9,-3.53,68.43,27,22,5.95
22,Faanui,PF,1606603046,-16.48,-151.75,81.5,73,20,5.01
23,Hermanus,ZA,1606603048,-34.42,19.23,55.99,88,14,8.81
24,Calama,CL,1606603049,-22.47,-68.93,75.2,12,0,27.51
25,Petatlán,MX,1606603050,17.52,-101.27,87.8,62,5,11.41
26,Leshukonskoye,RU,1606603051,64.9,45.76,16.23,96,16,6.2
27,Pisco,PE,1606603052,-13.7,-76.22,69.8,73,0,18.34
28,Punta Arenas,CL,1606602952,-53.15,-70.92,48.2,57,40,36.91
29,Albany,US,1606602865,42.6,-73.97,43.0,64,26,7.76
30,New Norfolk,AU,1606603056,-42.78,147.06,60.01,65,100,4.88
31,Voyvozh,RU,1606603057,62.89,54.96,7.34,95,32,3.87
32,Santarém,BR,1606603058,-2.44,-54.71,82.4,83,20,4.7
33,Qaanaaq,GL,1606603059,77.48,-69.36,1.83,86,100,8.28
34,Stornoway,GB,1606603061,58.21,-6.39,42.01,100,75,5.82
35,Ushuaia,AR,1606602980,-54.8,-68.3,48.2,42,75,20.8
36,Mount Isa,AU,1606603063,-20.73,139.5,89.6,35,0,6.93
37,Codrington,AU,1606603064,-38.27,141.97,58.48,73,87,15.95
38,Lebu,CL,1606603065,-37.62,-73.65,57.61,95,100,7.09
39,Busselton,AU,1606603024,-33.65,115.33,55.51,69,91,5.48
40,Inuvik,CA,1606603068,68.35,-133.72,-4.0,83,99,5.82
41,Marystown,CA,1606603069,47.17,-55.15,46.47,95,100,2.53
42,Kapaa,US,1606603070,22.08,-159.32,80.6,61,20,18.34
43,Hualmay,PE,1606603072,-11.1,-77.61,67.19,76,39,9.42
44,Hithadhoo,MV,1606603073,-0.6,73.08,82.0,72,73,10.02
45,Pak Phanang,TH,1606603074,8.35,100.2,77.0,94,20,3.36
46,Henties Bay,NA,1606603075,-22.12,14.28,59.0,87,0,1.99
47,Sydney,AU,1606602786,-33.87,151.21,93.0,26,0,25.28
48,Bairiki Village,KI,1606603078,1.33,172.98,84.2,79,40,14.99
49,Severo-Kuril'sk,RU,1606603079,50.68,156.12,28.24,89,100,9.98
50,Dikson,RU,1606603080,73.51,80.55,30.9,98,100,20.04
51,Avarua,CK,1606603081,-21.21,-159.78,80.6,88,80,9.17
52,Bluff,NZ,1606603083,-46.6,168.33,53.01,84,79,13.0
53,Itaituba,BR,1606602865,-4.28,-55.98,84.2,79,20,2.1
54,Truth or Consequences,US,1606603085,33.13,-107.25,55.4,30,1,4.7
55,Petropavlovsk-Kamchatskiy,RU,1606603086,53.05,158.65,8.6,84,46,6.71
56,Mataura,NZ,1606603087,-46.19,168.86,53.01,84,64,13.0
57,Yellowknife,CA,1606602833,62.46,-114.35,-5.01,76,40,9.17
58,Carnarvon,AU,1606603090,-24.87,113.63,66.2,93,5,11.41
59,Fortuna,US,1606603091,40.6,-124.16,60.01,60,92,1.99
60,Anadyr,RU,1606603092,64.75,177.48,5.0,84,20,2.24
61,Leon Valley,US,1606602837,29.5,-98.62,57.99,93,90,9.17
62,Laas,IT,1606603094,46.62,10.7,28.4,79,5,2.24
63,Narsaq,GL,1606603096,60.92,-46.05,33.8,74,100,8.05
64,Burnie,AU,1606603097,-41.07,145.92,55.0,72,100,27.0
65,East London,ZA,1606603098,-33.02,27.91,65.44,82,19,12.91
66,Bosaso,SO,1606603099,11.28,49.18,77.65,73,5,3.53
67,Charlestown,AU,1606603100,-32.95,151.67,91.99,29,79,13.0
68,Clyde River,CA,1606602811,70.47,-68.59,-5.8,83,75,19.46
69,Margate,GB,1606602817,51.38,1.39,51.01,85,0,1.99
70,Kavieng,PG,1606603104,-2.57,150.8,84.63,76,90,11.63
71,Noumea,NC,1606603024,-22.28,166.46,81.0,44,0,4.7
72,Port Alfred,ZA,1606603107,-33.59,26.89,63.28,84,23,9.1
73,Cherskiy,RU,1606603108,68.75,161.3,-2.2,93,100,4.23
74,Port Macquarie,AU,1606603099,-31.43,152.92,84.2,54,92,6.93
75,Cape Town,ZA,1606602987,-33.93,18.42,63.0,72,0,21.92
76,Castro,BR,1606603056,-24.79,-50.01,65.17,94,72,3.13
77,Sørland,NO,1606603113,67.67,12.69,45.81,84,85,28.34
78,Kudahuvadhoo,MV,1606603114,2.67,72.89,82.49,65,83,4.38
79,Puerto Ayora,EC,1606603115,-0.74,-90.35,75.2,69,75,16.11
80,Pimenta Bueno,BR,1606603117,-11.67,-61.19,77.31,77,86,1.48
81,Alice Springs,AU,1606602940,-23.7,133.88,84.0,39,90,14.99
82,Jamestown,US,1606602897,42.1,-79.24,37.99,64,1,5.82
83,Nuuk,GL,1606603010,64.18,-51.72,30.2,86,100,13.87
84,Biak,ID,1606603121,-0.91,122.88,80.11,72,79,2.17
85,Koungou,YT,1606603123,-12.73,45.2,78.8,83,20,4.7
86,Esperance,AU,1606603124,-33.87,121.9,53.6,87,25,10.29
87,Mkokotoni,TZ,1606603125,-5.88,39.25,78.31,83,73,2.33
88,Qaqortoq,GL,1606603126,60.72,-46.03,33.8,74,100,8.05
89,Cuamba,MZ,1606603122,-14.8,36.54,74.34,65,27,3.22
90,Teya,RU,1606603129,60.38,92.63,12.94,89,100,2.17
91,Mansehra,PK,1606603130,34.33,73.2,49.48,45,18,5.75
92,Saint-Philippe,RE,1606603131,-21.36,55.77,73.4,73,20,3.36
93,Harwich,GB,1606602851,51.94,1.28,46.99,100,0,6.93
94,Bambous Virieux,MU,1606603134,-20.34,57.76,75.2,83,75,8.05
95,Jutaí,BR,1606603135,-5.18,-68.9,76.32,93,93,0.4
96,Atuona,PF,1606603136,-9.8,-139.03,79.14,73,38,15.1
97,Malbork,PL,1606603137,54.04,19.03,39.0,100,99,4.12
98,Nioro,GM,1606603139,13.35,-15.75,73.18,28,31,5.26
99,Touros,BR,1606603140,-5.2,-35.46,78.8,74,20,11.41
100,Ahipara,NZ,1606603141,-35.17,173.17,63.52,75,100,16.58
101,Richmond,US,1606602893,37.55,-77.46,57.2,47,1,4.7
102,Upernavik,GL,1606603143,72.79,-56.15,2.37,71,100,5.68
103,Llandrindod Wells,GB,1606603145,52.24,-3.38,46.0,94,100,2.46
104,Ribeira Grande,PT,1606603146,38.52,-28.7,55.4,66,40,3.36
105,Nikolayevka,RU,1606603147,53.13,47.2,31.42,98,100,6.29
106,Mehamn,NO,1606603148,71.04,27.85,37.2,84,100,20.54
107,Lata,PT,1606603150,40.16,-8.33,50.0,94,94,4.0
108,Portland,US,1606602871,45.52,-122.68,46.0,93,90,1.14
109,Chokurdakh,RU,1606603152,70.63,147.92,-5.69,92,100,7.25
110,Pevek,RU,1606603154,69.7,170.31,13.66,97,100,9.91
111,Koyelga,RU,1606603155,54.65,60.9,7.79,94,0,3.42
112,Zhuanghe,CN,1606603156,39.7,122.99,23.7,83,36,6.49
113,Port Blair,IN,1606602876,11.67,92.75,80.71,79,98,15.41
114,Port Lincoln,AU,1606603158,-34.73,135.87,60.35,60,37,13.15
115,Barrow,US,1606603160,71.29,-156.79,8.6,78,90,4.7
116,Olafsvik,IS,1606603161,64.89,-23.71,37.92,85,100,11.03
117,Vestmannaeyjar,IS,1606603162,63.44,-20.27,40.05,92,100,27.09
118,Tyul'gan,RU,1606603163,52.34,56.17,17.82,98,100,4.83
119,Kralendijk,BQ,1606603165,12.15,-68.27,80.6,88,96,9.17
120,Vila Franca do Campo,PT,1606603166,37.72,-25.43,53.6,66,20,9.17
121,Saint-Pierre,RE,1606603167,-21.34,55.48,71.6,73,20,3.36
122,Sinnamary,GF,1606603168,5.38,-52.95,78.87,87,83,7.74
123,Huarmey,PE,1606603170,-10.07,-78.15,68.7,72,32,8.79
124,Jackson,US,1606602923,42.42,-122.83,33.8,46,90,3.36
125,Zaysan,KZ,1606603172,47.47,84.87,25.92,96,100,2.06
126,Sekoma,BW,1606603173,-24.4,23.88,73.9,62,42,8.55
127,Aykhal,RU,1606603174,66.0,111.5,-0.4,91,0,2.24
128,Kaitangata,NZ,1606603176,-46.28,169.85,60.01,48,61,5.01
129,Salalah,OM,1606603177,17.02,54.09,77.0,65,75,4.7
130,Acoyapa,NI,1606603178,11.97,-85.17,84.2,58,40,4.7
131,Isiro,CD,1606603179,2.77,27.62,67.82,96,100,0.98
132,Ixtapa,MX,1606603180,20.7,-105.2,80.6,74,40,13.87
133,Vao,NC,1606603182,-22.67,167.48,73.18,66,6,9.15
134,Vila,PT,1606603183,42.03,-8.16,52.0,82,95,5.66
135,Tasiilaq,GL,1606603184,65.61,-37.64,19.4,57,2,17.22
136,Kompaniyivka,UA,1606603185,48.25,32.21,36.1,91,100,3.15
137,Santiago del Estero,AR,1606603141,-27.8,-64.26,89.24,46,34,2.28
138,Njombe,TZ,1606602987,-9.33,34.77,56.73,94,55,4.14
139,Veinticinco de Mayo,AR,1606603189,-35.43,-60.17,75.0,74,59,3.0
140,Amapá,BR,1606603190,1.0,-52.0,74.66,95,82,2.77
141,Rocha,UY,1606603191,-34.48,-54.33,70.61,91,88,8.55
142,Mar del Plata,AR,1606603151,-38.0,-57.56,68.0,88,90,9.17
143,Malanje,AO,1606603194,-9.54,16.34,65.05,99,100,3.22
144,Jérémie,HT,1606603195,18.65,-74.12,77.07,71,6,2.71
145,Asău,RO,1606603196,46.43,26.4,33.01,25,100,3.69
146,Ilulissat,GL,1606603197,69.22,-51.1,10.4,55,100,1.12
147,Ancud,CL,1606603199,-41.87,-73.82,57.2,47,75,14.99
148,Leningradskiy,RU,1606603200,69.38,178.42,16.95,96,100,10.71
149,Vilyuysk,RU,1606603201,63.76,121.62,-8.99,90,78,5.48
150,Norman Wells,CA,1606603203,65.28,-126.83,-13.0,83,40,3.36
151,Longyearbyen,SJ,1606602975,78.22,15.64,24.8,73,75,23.04
152,Yangi Marg`ilon,UZ,1606603206,40.43,71.72,33.8,74,1,4.7
153,Kaeo,NZ,1606603207,-35.1,173.78,64.44,62,100,12.95
154,Apolda,DE,1606603208,51.02,11.5,37.0,71,40,4.32
155,Padang,ID,1606603209,-0.95,100.35,76.08,80,100,2.53
156,Mitú,CO,1606603211,1.2,-70.17,74.66,95,95,2.39
157,Souillac,MU,1606603212,-20.52,57.52,75.2,83,75,8.05
158,Trebisacce,IT,1606603213,39.87,16.53,59.0,93,99,4.0
159,Saskylakh,RU,1606603214,71.92,114.08,12.92,94,91,12.28
160,Isangel,VU,1606603215,-19.55,169.27,78.28,68,31,11.99
161,Flinders,AU,1606603217,-34.58,150.86,95.0,41,100,8.99
162,Santa Cruz de la Sierra,BO,1606603045,-17.8,-63.17,87.8,55,75,17.22
163,Mahébourg,MU,1606603219,-20.41,57.7,75.2,83,75,8.05
164,Provideniya,RU,1606603220,64.38,-173.3,16.29,90,91,9.31
165,Belyy Yar,RU,1606603221,53.6,91.39,10.4,85,75,4.47
166,San Andrés,CO,1606603223,12.58,-81.7,84.2,74,40,11.41
167,Umluj,SA,1606603224,25.02,37.27,71.04,48,0,9.24
168,Puerto Rondón,CO,1606603225,6.28,-71.1,74.16,95,85,7.16
169,La Ronge,CA,1606603226,55.1,-105.28,17.6,67,100,14.99
170,Chiscas,CO,1606603228,6.55,-72.5,57.9,77,92,2.8
171,Lüderitz,NA,1606603229,-26.65,15.16,62.6,72,0,18.34
172,Talnakh,RU,1606603230,69.49,88.4,8.6,84,90,24.61
173,Houma,US,1606603231,29.6,-90.72,66.2,88,75,10.29
174,Thompson,CA,1606603232,55.74,-97.86,17.6,85,90,3.36
175,Āreka,ET,1606603234,7.07,37.7,62.37,83,53,2.59
176,Sovetskiy,RU,1606603235,61.36,63.58,9.01,96,0,2.01
177,Ugoofaaru,MV,1606603236,5.67,73.0,82.04,64,52,4.88
178,Port Elizabeth,ZA,1606603238,-33.92,25.57,62.6,93,75,4.7
179,Tiksi,RU,1606603239,71.69,128.87,-1.98,91,54,9.69
180,Yulara,AU,1606603240,-25.24,130.99,80.6,42,0,16.11
181,Mackenzie,CA,1606603241,55.3,-123.17,24.8,85,90,6.93
182,Gebre Guracha,ET,1606603243,9.8,38.4,53.98,89,44,1.83
183,Tucuruí,BR,1606603244,-3.77,-49.67,78.57,82,29,1.1
184,Qandala,SO,1606603245,11.47,49.87,77.07,73,9,6.69
185,Saint George,US,1606603246,37.1,-113.58,55.0,23,1,3.36
186,Inírida,CO,1606603247,3.87,-67.92,74.25,95,100,1.88
187,Cayenne,GF,1606603249,4.93,-52.33,77.0,100,0,6.96
188,Kibakwe,TZ,1606603250,-6.72,36.37,65.75,87,0,3.91
189,Bac Lieu,VN,1606603229,9.29,105.72,75.6,89,99,4.9
190,Dergachi,RU,1606603253,51.23,48.77,25.93,98,100,8.95
191,Port Shepstone,ZA,1606603255,-30.74,30.45,70.47,73,100,28.61
192,Arraial do Cabo,BR,1606603256,-22.97,-42.03,75.2,88,0,21.92
193,Butaritari,KI,1606603257,3.07,172.79,81.79,82,8,15.28
194,Ust'-Ordynskiy,RU,1606603259,52.8,104.75,-0.4,84,75,2.24
195,Merauke,ID,1606603260,-8.47,140.33,82.27,71,60,7.36
196,Rāwah,IQ,1606603261,34.48,41.91,59.65,51,100,4.25
197,San Luis,AR,1606603262,-33.3,-66.34,82.49,37,1,9.19
198,Tura,IN,1606603263,25.52,90.22,60.64,69,0,4.09
199,Coahuayana Viejo,MX,1606603265,18.73,-103.68,80.6,78,40,11.41
200,Severo-Yeniseyskiy,RU,1606603266,60.37,93.04,9.34,92,100,2.84
201,Lake City,US,1606603267,30.19,-82.64,70.0,94,75,3.36
202,Torbay,CA,1606603268,47.67,-52.73,53.6,93,90,5.82
203,At-Bashi,KG,1606603269,41.17,75.81,12.72,81,31,0.58
204,Rio Grande,BR,1606603271,-32.03,-52.1,78.01,83,78,1.01
205,Tulagi,SB,1606603272,-9.1,160.15,87.8,70,40,6.93
206,Diré,ML,1606603273,12.28,-10.97,73.98,22,0,2.28
207,Thyborøn,DK,1606603274,56.7,8.21,37.0,96,0,3.0
208,Grand Gaube,MU,1606603275,-20.01,57.66,71.01,87,5,1.99
209,Njinikom,CM,1606603277,6.23,10.28,63.12,62,35,3.15
210,Harper,LR,1606603278,4.38,-7.72,78.49,85,10,6.02
211,Chapais,CA,1606603279,49.78,-74.85,30.2,92,90,10.29
212,Businga,CD,1606603280,3.33,20.88,71.24,63,59,1.72
213,Dunedin,NZ,1606603281,-45.87,170.5,57.99,62,77,20.0
214,Galle,LK,1606603229,6.04,80.22,76.39,84,98,2.39
215,Swan River,CA,1606603284,52.11,-101.27,30.2,100,100,3.36
216,Lianran,CN,1606603285,24.92,102.48,48.0,100,90,8.95
217,Lukovetskiy,RU,1606603286,64.3,41.92,15.8,92,40,4.47
218,Port Hedland,AU,1606603287,-20.32,118.57,78.8,88,0,4.7
219,Hofn,IS,1606603289,64.25,-15.21,40.66,79,100,23.87
220,Miraflores,MX,1606603290,19.22,-98.81,78.8,11,5,4.7
221,Arrondissement de Tarbes,FR,1606603291,43.25,0.17,41.0,100,75,2.24
222,Grindavik,IS,1606603293,63.84,-22.43,35.6,93,75,14.99
223,Pangody,RU,1606603294,65.85,74.49,-1.14,92,30,10.6
224,Bengkulu,ID,1606603295,-3.8,102.27,73.18,88,97,4.68
225,Bodden Town,KY,1606603296,19.28,-81.25,80.6,78,20,11.41
226,Vanimo,PG,1606603298,-2.67,141.3,81.3,80,99,5.64
227,Katsuura,JP,1606603299,35.13,140.3,50.0,52,75,5.82
228,El Salvador,SV,1606603292,13.83,-88.92,84.2,70,20,6.93
229,George Town,MY,1606603301,5.41,100.34,77.0,94,20,3.36
230,Sancti Spíritus,CU,1606603303,21.93,-79.44,71.58,85,35,7.85
231,Anloga,GH,1606603304,5.79,0.9,80.6,83,20,5.82
232,Vardø,NO,1606603305,70.37,31.11,36.48,84,100,33.2
233,Sept-Îles,CA,1606603210,50.2,-66.38,30.2,92,69,1.12
234,Seoul,KR,1606603210,37.57,126.98,28.4,68,90,1.99
235,Reyes,BO,1606603308,-14.32,-67.38,91.4,59,40,2.46
236,Mochudi,BW,1606603310,-24.42,26.15,66.2,100,0,1.12
237,Elbistan,TR,1606603311,38.21,37.2,36.93,81,24,1.39
238,Montrose,US,1606603035,38.42,-108.27,41.0,47,0,4.0
239,Melfort,CA,1606603313,52.87,-104.62,24.8,85,100,9.17
240,Buala,SB,1606603315,-8.14,159.59,85.3,70,87,4.27
241,Bethel,US,1606603316,41.37,-73.41,45.0,77,25,1.01
242,Santa Marinella,IT,1606603317,42.03,11.85,51.01,68,100,11.07
243,Esim,GH,1606603318,4.87,-2.24,78.62,85,18,4.41
244,College,US,1606603320,64.86,-147.8,8.01,77,40,3.27
245,Mwinilunga,ZM,1606603321,-11.74,24.43,62.58,94,90,1.95
246,Vila Velha,BR,1606603322,-20.33,-40.29,77.0,83,75,9.17
247,Abrau-Dyurso,RU,1606603323,44.69,37.59,39.2,86,2,8.95
248,Tigre,AR,1606603324,-34.43,-58.58,72.0,88,0,10.29
249,Hatillo,PR,1606603326,18.49,-66.83,79.0,83,1,5.82
250,Chełmża,PL,1606603327,53.18,18.6,39.99,93,98,1.01
251,Beringovskiy,RU,1606603328,63.05,179.32,8.55,93,25,13.51
252,Naze,JP,1606603329,28.37,129.48,64.4,77,75,2.24
253,Saint-Avold,FR,1606603331,49.1,6.7,37.0,99,28,1.01
254,Dzaoudzi,YT,1606603332,-12.79,45.27,78.8,83,20,5.82
255,Broome,US,1606603333,42.25,-75.83,36.0,64,40,9.17
256,Acaraú,BR,1606603334,-2.89,-40.12,80.56,75,75,18.37
257,Ca Mau,VN,1606603336,9.18,105.15,73.51,92,94,3.89
258,Airai,TL,1606603337,-8.93,125.41,68.45,79,99,1.07
259,Blackwater,AU,1606603338,-23.58,148.88,77.4,49,5,8.41
260,São Filipe,CV,1606603339,14.9,-24.5,75.42,72,97,9.8
261,Tutóia,BR,1606603340,-2.76,-42.27,80.55,80,31,10.74
262,Idaho Falls,US,1606603342,43.47,-112.03,30.2,68,1,6.93
263,Coquimbo,CL,1606603319,-29.95,-71.34,62.6,72,0,12.75
264,Otegen Batyra,KZ,1606603344,43.43,77.02,28.4,92,90,4.47
265,Bonthe,SL,1606603345,7.53,-12.51,79.7,81,96,5.08
266,Upata,VE,1606603346,8.01,-62.4,73.74,93,56,3.76
267,Tessalit,ML,1606603348,20.2,1.01,63.48,30,42,8.03
268,Derzhavīnsk,KZ,1606603349,51.1,66.32,8.6,95,85,9.35
269,Oranjemund,NA,1606603350,-28.55,16.43,60.3,86,20,15.93
270,Somerville,US,1606603196,42.39,-71.1,48.2,57,75,12.75
271,Cidreira,BR,1606603352,-30.18,-50.21,73.42,85,61,19.8
272,Harlingen,US,1606603354,26.19,-97.7,82.0,94,90,10.29
273,Siyabuswa,ZA,1606603355,-25.11,29.04,73.08,60,33,4.99
274,Aklavik,CA,1606603356,68.22,-135.01,-4.0,83,98,5.82
275,Lompoc,US,1606603193,34.64,-120.46,68.0,31,1,11.41
276,Itupiranga,BR,1606603161,-5.13,-49.33,82.4,83,75,1.12
277,Suez,EG,1606603360,29.97,32.53,60.91,69,1,5.41
278,Tuatapere,NZ,1606603361,-46.13,167.68,53.01,88,49,11.99
279,Wanning,CN,1606603362,18.8,110.4,69.55,79,98,16.08
280,Cheremshan,RU,1606603363,54.67,51.5,23.05,98,100,8.16
281,Ust'-Omchug,RU,1606603365,61.15,149.63,-9.02,87,87,4.97
282,Salekhard,RU,1606603366,66.53,66.6,11.05,93,64,9.33
283,Hasaki,JP,1606603355,35.73,140.83,42.8,75,75,1.12
284,Bilma,NE,1606603368,18.69,12.92,69.73,24,6,6.55
285,City of San Pedro,PH,1606603369,14.35,121.02,77.0,94,75,5.82
286,Kuching,MY,1606603371,1.55,110.33,73.4,100,40,2.24
287,Bubaque,GW,1606603372,11.28,-15.83,81.79,65,53,13.18
288,Colesberg,ZA,1606603373,-30.72,25.1,57.79,61,2,15.39
289,Labuhan,ID,1606603374,-6.88,112.21,79.11,85,100,5.73
290,Curitibanos,BR,1606603376,-27.28,-50.58,64.42,98,72,7.72
291,Sitka,US,1606603377,57.05,-135.33,41.0,80,90,25.28
292,Monte Patria,CL,1606603378,-30.69,-70.95,76.35,34,0,5.19
293,Varkala,IN,1606603379,8.73,76.71,78.8,94,20,3.74
294,Waingapu,ID,1606603380,-9.66,120.26,82.9,71,29,1.34
295,Lavra,PT,1606603382,41.26,-8.72,53.6,87,40,10.29
296,Verkhnevilyuysk,RU,1606603383,63.45,120.32,-7.74,91,74,5.79
297,Trairi,BR,1606603384,-3.28,-39.27,80.24,77,97,12.3
298,Manzanillo,CU,1606603385,20.34,-77.12,76.87,80,37,7.67
299,Ust-Kuyga,RU,1606603386,70.02,135.6,-11.0,89,100,7.56
300,Broken Hill,AU,1606603388,-31.95,141.43,66.2,63,75,20.8
301,La Macarena,CO,1606603389,2.18,-73.78,75.11,92,98,1.95
302,São João da Barra,BR,1606603390,-21.64,-41.05,74.98,86,32,14.03
303,Vikārābād,IN,1606603391,17.33,77.9,68.0,94,40,5.82
304,Nizhniy Baskunchak,RU,1606603393,48.22,46.83,40.3,77,100,14.58
305,Srednekolymsk,RU,1606603394,67.45,153.68,-8.91,90,91,5.35
306,Zaria,NG,1606603395,11.11,7.72,72.48,31,0,7.76
307,Nālūt,LY,1606603396,30.33,10.85,54.19,42,0,9.35
308,Abatskiy,RU,1606603397,56.29,70.46,4.86,94,100,5.91
309,Meulaboh,ID,1606603399,4.14,96.13,74.68,87,85,4.27
310,Kushima,JP,1606603400,31.46,131.23,44.6,65,40,10.29
311,Havøysund,NO,1606603401,71.0,24.66,39.2,69,100,21.92
312,Duku,NG,1606603402,11.24,4.91,75.45,35,16,1.5
313,Chui,UY,1606603404,-33.7,-53.46,70.38,94,79,10.54
314,Slavsk,RU,1606603405,55.04,21.68,34.59,87,90,7.67
315,San Quintín,MX,1606603406,30.48,-115.95,66.58,33,0,12.35
316,Aras,ES,1606603407,42.56,-2.36,51.01,87,0,4.7
317,Hilo,US,1606603394,19.73,-155.09,82.4,58,40,9.17
318,Belmonte,BR,1606603410,-15.86,-38.88,77.0,73,75,6.93
319,Sherbakul',RU,1606603411,54.63,72.4,8.6,84,75,11.18
320,Dhidhdhoo,MV,1606603412,6.88,73.1,81.9,68,81,5.5
321,Stenlille,DK,1606603413,55.54,11.59,36.0,100,0,2.24
322,Yar-Sale,RU,1606603414,66.83,70.83,6.12,93,89,10.54
323,Oga,IT,1606603416,46.46,10.35,30.99,85,0,1.12
324,Bandarbeyla,SO,1606603417,9.49,50.81,75.88,78,1,15.84
325,Lagoa,PT,1606603418,39.05,-27.98,56.57,71,88,28.83
326,Hong Kong,HK,1606603419,22.29,114.16,64.99,68,0,1.99
327,Hobyo,SO,1606603420,5.35,48.53,79.45,76,17,16.13
328,Mana,GF,1606603422,5.66,-53.78,78.93,87,53,7.65
329,Murakami,JP,1606603423,38.23,139.48,42.8,81,75,11.41
330,Porto Torres,IT,1606603424,40.84,8.4,53.6,87,0,8.05
331,Uvira,CD,1606603425,-3.41,29.15,71.35,75,100,4.03
332,Iqaluit,CA,1606603426,63.75,-68.51,10.4,78,90,11.41
333,Saint-Donat-de-Montcalm,CA,1606603178,46.32,-74.22,35.01,100,87,10.18
334,Faya,SA,1606603429,18.39,42.45,59.0,82,0,3.47
335,Agüimes,ES,1606603430,27.91,-15.45,64.99,82,20,4.7
336,Mount Gambier,AU,1606603431,-37.83,140.77,59.0,72,40,17.22
337,Buin,CL,1606603434,-33.73,-70.75,80.6,24,0,9.17
338,Beloha,MG,1606603435,-25.17,45.05,74.82,84,73,11.99
339,Neryungri,RU,1606603436,56.67,124.65,-1.93,89,100,12.1
340,Rantepao,ID,1606603437,-2.97,119.9,69.85,85,100,1.77
341,Rafaela,AR,1606603212,-31.25,-61.49,73.92,85,57,7.85
342,Caravelas,BR,1606603440,-17.71,-39.25,73.47,89,13,5.68
343,Makakilo City,US,1606603441,21.35,-158.09,82.4,42,1,5.82
344,Bedelē,ET,1606603274,8.46,36.35,55.47,93,49,1.3
345,Sisimiut,GL,1606603443,66.94,-53.67,21.45,86,100,12.57
346,Port-Cartier,CA,1606603445,50.03,-66.87,30.2,92,85,1.12
347,Aloleng,PH,1606603446,16.13,119.78,79.74,76,100,10.29
348,Nanortalik,GL,1606603447,60.14,-45.24,33.01,94,100,12.26
349,Kroya,ID,1606603448,-7.63,109.25,64.99,90,100,9.71
350,Gazojak,TM,1606603449,41.19,61.4,29.95,91,0,11.68
351,Porto-Novo,BJ,1606603451,6.5,2.6,82.4,83,40,9.17
352,Zuwārah,LY,1606603452,32.93,12.08,62.19,46,28,18.9
353,Bentiu,SS,1606603453,9.23,29.83,74.01,24,31,6.6
354,Kailua,US,1606603454,21.4,-157.74,80.6,44,40,12.75
355,Mandera,KE,1606603456,3.94,41.87,84.51,48,83,7.18
356,Cam Ranh,VN,1606603203,11.92,109.16,77.0,100,75,17.22
357,Gdov,RU,1606603458,58.74,27.81,31.98,96,94,10.76
358,Petra,JO,1606603459,30.32,35.48,47.44,82,15,3.22
359,Constitución,CL,1606603460,-35.33,-72.42,59.5,76,2,15.55
360,Heilbron,ZA,1606603462,-27.28,27.97,59.86,84,81,8.25
361,Qasigiannguit,GL,1606603463,68.82,-51.19,10.4,55,100,1.12
362,Santa Rosa,PH,1606603464,14.31,121.11,77.0,94,75,5.82
363,Kapit,MY,1606603465,2.02,112.93,72.99,94,97,1.12
364,Avera,US,1606603466,33.19,-82.53,57.2,84,90,4.7
365,Pervomayskiy,RU,1606603468,53.25,40.29,35.01,90,100,11.21
366,Gotenba,JP,1606603469,35.3,138.93,48.0,75,96,3.04
367,Ngorongoro,TZ,1606603470,-3.24,35.49,54.88,100,75,3.13
368,Ketchikan,US,1606603471,55.34,-131.65,39.2,100,90,28.86
369,La Sarre,CA,1606603472,48.8,-79.2,30.81,99,98,7.2
370,Viedma,AR,1606603474,-40.81,-63.0,68.0,39,38,4.0
371,Saint-François,FR,1606603475,46.42,3.91,36.0,87,0,2.24
372,Dingle,PH,1606603476,11.0,122.67,77.59,89,96,8.21
373,Roebourne,AU,1606603477,-20.78,117.13,82.54,59,0,7.92
374,Kutum,SD,1606603479,14.2,24.67,57.72,35,0,5.93
375,Essex,US,1606603276,40.78,-74.22,51.8,50,40,12.75
376,Kenitra,MA,1606603481,34.26,-6.58,60.8,77,40,10.29
377,Opuwo,NA,1606603483,-18.06,13.84,70.61,69,98,0.92
378,Boyolangu,ID,1606603484,-8.12,111.89,75.9,90,100,3.56
379,Donskoye,RU,1606603485,45.46,41.97,33.01,92,0,8.95
380,San Patricio,US,1606603486,28.02,-97.52,66.0,93,90,26.4
381,Ambilobe,MG,1606603488,-13.2,49.05,73.6,82,39,4.41
382,Minzhu,CN,1606603489,43.73,127.34,6.62,90,100,1.14
383,Saint-Augustin,CA,1606603490,51.23,-58.65,31.78,98,97,6.85
384,Sault Ste. Marie,CA,1606603353,46.52,-84.33,41.0,60,20,3.36
385,Saldanha,ZA,1606603492,-33.01,17.94,60.8,72,0,14.99
386,Kruisfontein,ZA,1606603494,-34.0,24.73,61.0,92,53,1.01
387,Korla,CN,1606603495,41.76,86.15,26.74,83,83,5.73
388,Petersburg,US,1606603496,37.23,-77.4,53.01,81,1,3.22
389,Leh,IN,1606603497,34.17,77.58,15.3,67,43,2.15
390,Wilmington,US,1606603450,34.23,-77.94,64.4,68,90,3.22
391,Baoqing,CN,1606603375,46.33,132.21,5.58,91,0,7.49
392,Ginda,IN,1606603501,30.69,78.49,50.07,39,99,3.96
393,Invermere,CA,1606603233,50.52,-116.04,37.0,68,2,1.01
394,Chumikan,RU,1606603507,54.72,135.31,4.84,89,100,12.71
395,San Cristobal,VE,1606603508,7.77,-72.22,77.0,94,75,10.29
396,Pangnirtung,CA,1606603509,66.15,-65.71,16.39,83,100,3.74
397,Chitral,PK,1606603446,35.85,71.79,37.78,48,0,7.92
398,Zhezkazgan,KZ,1606603511,47.8,67.71,10.49,94,33,12.26
399,Åmot,NO,1606603513,59.57,7.99,28.99,93,19,4.03
400,Waipawa,NZ,1606603514,-41.41,175.52,62.6,88,100,10.29
401,Halifax,CA,1606603515,44.65,-63.57,45.0,100,90,5.82
402,Vetlanda,SE,1606603516,57.43,15.08,30.99,100,31,6.93
403,Bontang,ID,1606603517,0.13,117.5,77.54,83,51,5.03
404,Goderich,CA,1606603290,43.75,-81.72,41.0,60,20,16.11
405,Cabedelo,BR,1606603520,-6.98,-34.83,78.8,78,20,9.17
406,Lokosovo,RU,1606603521,61.13,74.82,-1.25,92,0,2.8
407,Chipinge,ZW,1606603523,-20.19,32.62,64.09,98,46,3.94
408,Emerald,AU,1606603524,-23.53,148.17,78.01,53,75,11.41
409,Nelipyno,UA,1606603525,48.56,23.03,28.0,92,98,2.33
410,Cabo San Lucas,MX,1606603437,22.89,-109.91,80.01,73,40,8.05
411,Payo,ID,1606603528,-3.75,103.64,71.55,94,100,0.54
412,Papar,MY,1606603477,5.73,115.93,77.0,88,20,5.82
413,Aberystwyth,GB,1606603530,52.42,-4.08,45.0,100,100,1.99
414,Karaton,ID,1606603531,-6.34,106.1,81.0,83,40,11.41
415,Chornukhy,UA,1606603532,50.27,32.94,38.21,92,100,4.5
416,Barkhan,PK,1606603534,29.9,69.53,50.02,34,35,1.7
417,Pitimbu,BR,1606603421,-7.47,-34.81,78.8,78,20,9.17
418,Baykit,RU,1606603536,61.67,96.37,7.88,91,99,3.31
419,Khatanga,RU,1606603537,71.97,102.5,13.05,96,100,19.13
420,Río Gallegos,AR,1606603539,-51.62,-69.22,55.4,28,40,25.28
421,Borogontsy,RU,1606603540,62.67,131.17,-23.6,86,6,1.52
422,Lishu,CN,1606603541,43.3,124.33,9.1,94,99,4.59
423,Gambēla,ET,1606603542,8.25,34.58,79.92,57,39,1.52
424,Grand Forks,US,1606603543,47.94,-97.43,46.4,42,1,6.93
425,Semey,KZ,1606603545,50.41,80.23,24.42,93,91,15.17
426,Poum,NC,1606603546,-20.23,164.02,76.84,71,1,11.68
427,Mineros,BO,1606603547,-17.12,-63.23,87.8,55,20,11.41
428,Agadez,NE,1606603548,19.75,10.25,69.76,24,0,8.21
429,Augustów,PL,1606603473,53.84,22.98,33.13,95,100,9.51
430,Alofi,NU,1606603551,-19.06,-169.92,82.4,78,100,9.17
431,Ngunguru,NZ,1606603552,-35.62,174.5,63.25,62,100,10.22
432,Davila,PH,1606603553,18.47,120.58,71.6,88,20,1.12
433,Neuquén,AR,1606603554,-38.95,-68.06,77.0,27,20,13.87
434,Kodinsk,RU,1606603556,58.69,99.18,8.2,92,98,2.91
435,Berbera,SO,1606603557,10.44,45.01,77.31,71,8,4.36
436,Alcañiz,ES,1606603558,41.05,-0.13,51.01,89,86,1.01
437,Haines Junction,CA,1606603559,60.75,-137.51,24.8,92,100,2.24
438,Maningrida,AU,1606603560,-12.07,134.27,88.45,59,63,1.99
439,Guerrero Negro,MX,1606603562,27.98,-114.06,70.74,34,19,12.44
440,Aksu,CN,1606603563,41.12,80.26,23.77,87,0,4.99
441,Mission,US,1606603564,26.22,-98.33,75.2,64,1,16.11
442,St. George's,GD,1606603566,12.06,-61.75,80.6,88,20,11.41
443,Araçuaí,BR,1606603567,-16.85,-42.07,70.02,83,30,4.81
444,Wembley,AU,1606603555,-31.93,115.8,60.01,58,0,8.05
445,Alyangula,AU,1606603569,-13.85,136.42,82.4,83,82,4.7
446,Uspenka,UA,1606603570,48.39,39.16,34.95,93,86,10.2
447,Northam,GB,1606603572,51.03,-4.22,50.0,96,99,7.0
448,Saint Anthony,US,1606603573,45.02,-93.22,50.0,45,1,6.93
449,Tsimmerbude,RU,1606603574,54.67,20.13,37.4,86,75,11.18
450,Arrondissement de Saint-Denis,FR,1606603575,48.92,2.33,45.0,86,0,4.7
451,West Richland,US,1606603574,46.3,-119.36,51.8,57,1,9.42
452,Aripuanã,BR,1606603578,-9.17,-60.63,81.03,67,100,1.77
453,Killybegs,IE,1606603579,54.63,-8.45,46.99,92,29,1.01
454,Diego de Almagro,CL,1606603580,-26.37,-70.05,72.25,25,0,6.06
455,Basco,PH,1606603581,20.45,121.97,76.96,78,70,29.15
456,Le Port,RE,1606603582,-20.94,55.29,73.4,73,0,10.29
457,Osoyoos,CA,1606603584,49.03,-119.45,42.8,60,0,1.12
458,Ludvika,SE,1606603585,60.15,15.19,27.0,92,2,1.12
459,Koumac,NC,1606603586,-20.57,164.28,79.43,59,5,6.06
460,Brasília,BR,1606603516,-15.78,-47.93,78.8,50,0,9.17
461,Kolāras,IN,1606603589,25.23,77.6,55.83,48,0,1.14
462,Arcos de la Frontera,ES,1606603590,36.75,-5.81,60.01,93,75,5.82
463,Ormara,PK,1606603591,25.21,64.64,72.72,54,0,5.73
464,Atar,MR,1606603592,20.52,-13.05,65.86,39,100,8.01
465,Majene,ID,1606603593,-3.54,118.97,79.32,82,99,1.92
466,Yuza,JP,1606603595,39.0,139.92,42.8,75,75,9.17
467,Puerto Escondido,MX,1606603596,15.85,-97.07,84.2,70,5,5.82
468,Ashquelon,IL,1606603597,31.67,34.57,57.2,87,0,3.36
469,Angra dos Reis,BR,1606603599,-23.01,-44.32,78.8,74,0,6.93
470,Craig,US,1606603600,40.52,-107.55,42.8,33,1,4.7
471,Kieta,PG,1606603601,-6.22,155.63,84.79,70,70,3.76
472,Toora-Khem,RU,1606603603,52.47,96.11,-2.83,89,10,1.28
473,Namysłów,PL,1606603604,51.08,17.72,37.0,94,75,8.05
474,Sibu,MY,1606603605,2.3,111.82,75.2,94,40,2.24
475,Bud,US,1606603606,39.45,-86.18,44.6,48,1,4.47
476,Kalemie,CD,1606603608,-5.95,29.19,69.75,85,40,8.19
477,Nantucket,US,1606603535,41.28,-70.1,48.2,70,75,6.93
478,Mogadishu,SO,1606603610,2.04,45.34,79.63,72,0,14.09
479,Bilibino,RU,1606603611,68.05,166.44,-0.6,90,100,3.02
480,Natal,BR,1606603460,-5.79,-35.21,80.6,69,20,14.99
481,Klaksvík,FO,1606603614,62.23,-6.59,42.8,75,38,10.29
482,Shenjiamen,CN,1606603615,29.96,122.3,53.55,78,99,17.47
483,El Jícaro,GT,1606603616,14.92,-89.9,87.8,48,20,11.41
484,Barcelona,ES,1606603368,41.39,2.16,60.01,87,20,9.17
485,Kaseda-shirakame,JP,1606603618,31.42,130.32,42.8,70,75,3.36
486,Lipin Bor,RU,1606603619,60.26,37.98,19.8,97,99,8.72
487,Kenai,US,1606603621,60.55,-151.26,34.0,69,40,18.34
488,Ballina,AU,1606603622,-28.87,153.57,80.6,61,16,6.93
489,Andenes,NO,1606603623,69.31,16.12,41.0,93,86,19.46
490,Tautira,PF,1606603624,-17.73,-149.15,86.0,70,75,14.99
491,Pilar,BR,1606603626,-9.6,-35.96,75.2,83,20,5.82
492,Tūkrah,LY,1606603627,32.53,20.58,61.81,51,0,23.29
493,Jalu,LY,1606603628,29.03,21.55,57.63,55,62,11.3
494,Nabire,ID,1606603573,-3.37,135.48,82.24,71,97,3.18
495,Velká Bíteš,CZ,1606603631,49.29,16.23,33.01,98,75,6.93
496,Goundam,ML,1606603632,16.41,-3.67,72.55,22,0,9.55
497,Saint Andrews,US,1606603633,34.05,-81.13,59.0,87,40,3.36
498,Dakar,SN,1606603373,14.69,-17.44,71.6,64,0,8.05
499,Itoman,JP,1606603636,26.12,127.67,68.0,56,75,16.11
500,Kŭlob,TJ,1606603638,37.91,69.78,35.6,64,93,6.71
501,Urucará,BR,1606603378,-2.54,-57.76,81.91,64,94,2.55
502,Portsmouth,GB,1606603640,50.8,-1.09,48.0,91,99,10.54
503,Stepnogorsk,KZ,1606603413,52.35,71.89,8.28,95,100,17.58
504,York,US,1606603643,40.13,-77.0,53.6,32,1,13.87
505,Aksay,RU,1606603644,47.26,39.87,39.2,93,75,13.42
506,Ntungamo,UG,1606603645,-0.88,29.65,65.1,91,100,3.38
507,Lukiv,UA,1606603646,51.05,25.4,32.0,98,91,4.45
508,Motala,SE,1606603648,58.54,15.04,32.0,96,66,6.93
509,San Ramon,US,1606603352,37.78,-121.98,64.0,27,1,10.29
510,Okhotsk,RU,1606603650,59.38,143.3,7.32,88,96,13.44
511,Yeppoon,AU,1606603651,-23.13,150.73,82.4,51,75,8.05
512,Horta,PT,1606603652,38.53,-28.63,56.8,66,81,25.55
513,Ibresi,RU,1606603654,55.3,47.04,28.13,99,100,8.93
514,Querfurt,DE,1606603655,51.38,11.6,37.99,76,91,1.99
515,Skellefteå,SE,1606603656,64.75,20.95,33.8,97,42,6.93
516,Laguna,US,1606603657,38.42,-121.42,64.0,32,1,8.05
517,Lermontovka,RU,1606603658,47.15,134.34,5.7,93,44,4.88
518,Nador,MA,1606603660,35.17,-2.93,59.0,77,0,2.24
519,Graaff-Reinet,ZA,1606603661,-32.25,24.53,59.0,81,46,3.0
520,Kidal,ML,1606603662,18.44,1.41,68.83,23,0,10.63
521,Krasnogorskoye,RU,1606603664,52.3,86.2,14.32,91,90,2.82
522,Kharp,RU,1606603665,66.8,65.81,11.61,92,85,9.78
523,Vaxjo,SE,1606603666,56.88,14.81,30.2,100,10,6.93
524,Los Llanos de Aridane,ES,1606603667,28.66,-17.92,64.4,68,0,9.17
525,Kiratu,TZ,1606603668,-3.33,35.67,64.53,82,59,4.45
526,Westport,US,1606603670,41.14,-73.36,48.2,66,1,4.7
527,Alta Floresta,BR,1606603671,-9.88,-56.09,76.5,78,53,0.4
528,Booué,GA,1606603672,-0.09,11.94,72.68,94,100,1.3
529,Forio,IT,1606603673,40.73,13.86,62.01,79,100,11.01
530,Lavrentiya,RU,1606603674,65.58,-171.0,19.72,93,75,18.07
531,Kandrian,PG,1606603676,-6.22,149.55,85.35,65,20,1.25
532,Kamenka,RU,1606603677,51.32,42.77,32.0,95,100,11.01
533,Moranbah,AU,1606603678,-22.0,148.05,78.69,40,2,10.56
534,Raja,SS,1606603679,8.46,25.68,72.99,26,0,4.65
535,Karratha,AU,1606603680,-20.74,116.85,82.65,61,0,8.88
536,Tamworth,GB,1606603682,52.63,-1.7,46.4,100,90,4.7
537,Nemuro,JP,1606603683,43.32,145.57,34.59,83,17,11.65
538,Kostomuksha,RU,1606603684,64.57,30.58,22.28,98,89,5.93
539,Melendugno,IT,1606603685,40.27,18.34,51.8,100,40,5.82
540,Springbok,ZA,1606603686,-29.66,17.89,49.75,79,0,4.74
541,Pemangkat,ID,1606603688,1.17,108.97,77.86,82,100,0.83
542,Tual,ID,1606603689,-5.67,132.75,84.24,69,94,7.52
543,Kununurra,AU,1606603690,-15.77,128.73,82.4,74,36,5.82
544,Bethal,ZA,1606603691,-26.46,29.47,57.99,96,62,3.06
545,Pyapon,MM,1606603692,16.28,95.68,70.56,86,70,7.29
546,Jinxi,CN,1606603694,30.43,116.29,38.93,83,76,4.14
547,Nam Som,TH,1606603652,17.77,102.19,63.28,78,19,2.48
548,Ulladulla,AU,1606603696,-35.35,150.47,96.01,27,100,19.46
549,Lorengau,PG,1606603697,-2.02,147.27,85.37,74,100,8.43
550,Mago,RU,1606603699,53.25,140.18,14.97,94,100,8.28
551,Lanzhou,CN,1606603700,36.06,103.79,28.99,52,24,1.68
552,Benguela,AO,1606603701,-12.58,13.41,77.86,77,99,2.93
553,Serenje,ZM,1606603702,-13.23,30.24,68.07,65,60,6.73
554,Pantai Remis,MY,1606603477,4.46,100.63,75.2,94,20,4.65
555,Romitan,UZ,1606603705,39.93,64.38,30.2,80,0,11.41
556,Yumen,CN,1606603706,40.28,97.2,15.13,85,3,2.21
557,Barra de Tecoanapa,MX,1606603707,16.52,-98.75,83.14,70,95,7.38
558,Kintinku,TZ,1606603708,-5.88,35.23,75.81,59,7,2.1
559,Guamúchil,MX,1606603657,25.47,-108.1,78.01,37,97,14.0
